,URL_ID,URL
0,37,https://insights.blackcoffer.com/ai-in-healthcare-to-improve-patient-outcomes/
1,38,https://insights.blackcoffer.com/what-if-the-creation-is-taking-over-the-creator/
2,39,https://insights.blackcoffer.com/what-jobs-will-robots-take-from-humans-in-the-future/
3,40,https://insights.blackcoffer.com/will-machine-replace-the-human-in-the-future-of-work/
4,41,https://insights.blackcoffer.com/will-ai-replace-us-or-work-with-us/
5,42,https://insights.blackcoffer.com/man-and-machines-together-machines-are-more-diligent-than-humans-blackcoffe/
6,43,https://insights.blackcoffer.com/in-future-or-in-upcoming-years-humans-and-machines-are-going-to-work-together-in-every-field-of-work/
7,45,https://insights.blackcoffer.com/how-machine-learning-will-affect-your-business/
8,46,https://insights.blackcoffer.com/deep-learning-impact-on-areas-of-e-learning/
9,47,https://insights.blackcoffer.com/how-to-protect-future-data-and-its-privacy-blackcoffer/
10,48,https://insights.blackcoffer.com/how-machines-ai-automations-and-robo-human-are-effective-in-finance-and-banking/
11,49,https://insights.blackcoffer.com/ai-human-robotics-machine-future-planet-blackcoffer-thinking-jobs-workplace/
12,50,https://insights.blackcoffer.com/how-ai-will-change-the-world-blackcoffer/
13,51,https://insights.blackcoffer.com/future-of-work-how-ai-has-entered-the-workplace/
14,52,https://insights.blackcoffer.com/ai-tool-alexa-google-assistant-finance-banking-tool-future/
15,53,https://insights.blackcoffer.com/ai-healthcare-revolution-ml-technology-algorithm-google-analytics-industrialrevolution/
16,54,https://insights.blackcoffer.com/all-you-need-to-know-about-online-marketing/
17,55,https://insights.blackcoffer.com/evolution-of-advertising-industry/
18,56,https://insights.blackcoffer.com/how-data-analytics-can-help-your-business-respond-to-the-impact-of-covid-19/
19,58,https://insights.blackcoffer.com/environmental-impact-of-the-covid-19-pandemic-lesson-for-the-future/
20,59,https://insights.blackcoffer.com/how-data-analytics-and-ai-are-used-to-halt-the-covid-19-pandemic/
21,60,https://insights.blackcoffer.com/difference-between-artificial-intelligence-machine-learning-statistics-and-data-mining/
22,61,https://insights.blackcoffer.com/how-python-became-the-first-choice-for-data-science/
23,62,https://insights.blackcoffer.com/how-google-fit-measure-heart-and-respiratory-rates-using-a-phone/
24,63,https://insights.blackcoffer.com/what-is-the-future-of-mobile-apps/
25,64,https://insights.blackcoffer.com/impact-of-ai-in-health-and-medicine/
26,65,https://insights.blackcoffer.com/telemedicine-what-patients-like-and-dislike-about-it/
27,66,https://insights.blackcoffer.com/how-we-forecast-future-technologies/
28,67,https://insights.blackcoffer.com/can-robots-tackle-late-life-loneliness/
29,68,https://insights.blackcoffer.com/embedding-care-robots-into-society-socio-technical-considerations/
30,69,https://insights.blackcoffer.com/management-challenges-for-future-digitalization-of-healthcare-services/
31,70,https://insights.blackcoffer.com/are-we-any-closer-to-preventing-a-nuclear-holocaust/
32,71,https://insights.blackcoffer.com/will-technology-eliminate-the-need-for-animal-testing-in-drug-development/
33,72,https://insights.blackcoffer.com/will-we-ever-understand-the-nature-of-consciousness/
34,73,https://insights.blackcoffer.com/will-we-ever-colonize-outer-space/
35,74,https://insights.blackcoffer.com/what-is-the-chance-homo-sapiens-will-survive-for-the-next-500-years/
36,75,https://insights.blackcoffer.com/why-does-your-business-need-a-chatbot/
37,76,https://insights.blackcoffer.com/how-you-lead-a-project-or-a-team-without-any-technical-expertise/
38,77,https://insights.blackcoffer.com/can-you-be-great-leader-without-technical-expertise/
39,78,https://insights.blackcoffer.com/how-does-artificial-intelligence-affect-the-environment/
40,79,https://insights.blackcoffer.com/how-to-overcome-your-fear-of-making-mistakes-2/
41,80,https://insights.blackcoffer.com/is-perfection-the-greatest-enemy-of-productivity/
42,81,https://insights.blackcoffer.com/global-financial-crisis-2008-causes-effects-and-its-solution/
43,82,https://insights.blackcoffer.com/gender-diversity-and-equality-in-the-tech-industry/
44,83,https://insights.blackcoffer.com/how-to-overcome-your-fear-of-making-mistakes/
45,84,https://insights.blackcoffer.com/how-small-business-can-survive-the-coronavirus-crisis/
46,85,https://insights.blackcoffer.com/impacts-of-covid-19-on-vegetable-vendors-and-food-stalls/
47,86,https://insights.blackcoffer.com/impacts-of-covid-19-on-vegetable-vendors/
48,87,https://insights.blackcoffer.com/impact-of-covid-19-pandemic-on-tourism-aviation-industries/
49,88,https://insights.blackcoffer.com/impact-of-covid-19-pandemic-on-sports-events-around-the-world/
50,89,https://insights.blackcoffer.com/changing-landscape-and-emerging-trends-in-the-indian-it-ites-industry/
51,90,https://insights.blackcoffer.com/online-gaming-adolescent-online-gaming-effects-demotivated-depression-musculoskeletal-and-psychosomatic-symptoms/
52,91,https://insights.blackcoffer.com/human-rights-outlook/
53,92,https://insights.blackcoffer.com/how-voice-search-makes-your-business-a-successful-business/
54,93,https://insights.blackcoffer.com/how-the-covid-19-crisis-is-redefining-jobs-and-services/
55,94,https://insights.blackcoffer.com/how-to-increase-social-media-engagement-for-marketers/
56,95,https://insights.blackcoffer.com/impacts-of-covid-19-on-streets-sides-food-stalls/
57,96,https://insights.blackcoffer.com/coronavirus-impact-on-energy-markets-2/
58,97,https://insights.blackcoffer.com/coronavirus-impact-on-the-hospitality-industry-5/
59,98,https://insights.blackcoffer.com/lessons-from-the-past-some-key-learnings-relevant-to-the-coronavirus-crisis-4/
60,99,https://insights.blackcoffer.com/estimating-the-impact-of-covid-19-on-the-world-of-work-2/
61,100,https://insights.blackcoffer.com/estimating-the-impact-of-covid-19-on-the-world-of-work-3/
62,101,https://insights.blackcoffer.com/travel-and-tourism-outlook/
63,102,https://insights.blackcoffer.com/gaming-disorder-and-effects-of-gaming-on-health/
64,103,https://insights.blackcoffer.com/what-is-the-repercussion-of-the-environment-due-to-the-covid-19-pandemic-situation/
65,104,https://insights.blackcoffer.com/what-is-the-repercussion-of-the-environment-due-to-the-covid-19-pandemic-situation-2/
66,105,https://insights.blackcoffer.com/impact-of-covid-19-pandemic-on-office-space-and-co-working-industries/
67,106,https://insights.blackcoffer.com/contribution-of-handicrafts-visual-arts-literature-in-the-indian-economy/
68,107,https://insights.blackcoffer.com/how-covid-19-is-impacting-payment-preferences/
69,108,https://insights.blackcoffer.com/how-will-covid-19-affect-the-world-of-work-2/
70,109,https://insights.blackcoffer.com/lessons-from-the-past-some-key-learnings-relevant-to-the-coronavirus-crisis/
71,110,https://insights.blackcoffer.com/covid-19-how-have-countries-been-responding/
72,111,https://insights.blackcoffer.com/coronavirus-impact-on-the-hospitality-industry-2/
73,112,https://insights.blackcoffer.com/how-will-covid-19-affect-the-world-of-work-3/
74,113,https://insights.blackcoffer.com/coronavirus-impact-on-the-hospitality-industry-3/
75,114,https://insights.blackcoffer.com/estimating-the-impact-of-covid-19-on-the-world-of-work/
76,115,https://insights.blackcoffer.com/covid-19-how-have-countries-been-responding-2/
77,116,https://insights.blackcoffer.com/how-will-covid-19-affect-the-world-of-work-4/
78,117,https://insights.blackcoffer.com/lessons-from-the-past-some-key-learnings-relevant-to-the-coronavirus-crisis-2/
79,118,https://insights.blackcoffer.com/lessons-from-the-past-some-key-learnings-relevant-to-the-coronavirus-crisis-3/
80,119,https://insights.blackcoffer.com/coronavirus-impact-on-the-hospitality-industry-4/
81,120,https://insights.blackcoffer.com/why-scams-like-nirav-modi-happen-with-indian-banks/
82,121,https://insights.blackcoffer.com/impact-of-covid-19-on-the-global-economy/
83,122,https://insights.blackcoffer.com/impact-of-covid-19coronavirus-on-the-indian-economy-2/
84,123,https://insights.blackcoffer.com/impact-of-covid-19-on-the-global-economy-2/
85,124,https://insights.blackcoffer.com/impact-of-covid-19-coronavirus-on-the-indian-economy-3/
86,125,https://insights.blackcoffer.com/should-celebrities-be-allowed-to-join-politics/
87,126,https://insights.blackcoffer.com/how-prepared-is-india-to-tackle-a-possible-covid-19-outbreak/
88,127,https://insights.blackcoffer.com/how-will-covid-19-affect-the-world-of-work/
89,128,https://insights.blackcoffer.com/controversy-as-a-marketing-strategy/
90,129,https://insights.blackcoffer.com/coronavirus-impact-on-the-hospitality-industry/
91,130,https://insights.blackcoffer.com/coronavirus-impact-on-energy-markets/
92,131,https://insights.blackcoffer.com/what-are-the-key-policies-that-will-mitigate-the-impacts-of-covid-19-on-the-world-of-work/
93,132,https://insights.blackcoffer.com/marketing-drives-results-with-a-focus-on-problems/
94,133,https://insights.blackcoffer.com/continued-demand-for-sustainability/
95,134,https://insights.blackcoffer.com/coronavirus-disease-covid-19-effect-the-impact-and-role-of-mass-media-during-the-pandemic/
96,135,https://insights.blackcoffer.com/should-people-wear-fabric-gloves-seeking-evidence-regarding-the-differential-transfer-of-covid-19-or-coronaviruses-generally-between-surfaces/
97,136,https://insights.blackcoffer.com/why-is-there-a-severe-immunological-and-inflammatory-explosion-in-those-affected-by-sarms-covid-19/
98,137,https://insights.blackcoffer.com/what-do-you-think-is-the-lesson-or-lessons-to-be-learned-with-covid-19/
99,138,https://insights.blackcoffer.com/coronavirus-the-unexpected-challenge-for-the-european-union/
100,139,https://insights.blackcoffer.com/industrial-revolution-4-0-pros-and-cons/
101,140,https://insights.blackcoffer.com/impact-of-covid-19-coronavirus-on-the-indian-economy/
102,141,https://insights.blackcoffer.com/impact-of-covid-19-coronavirus-on-the-indian-economy-2/
103,142,https://insights.blackcoffer.com/impact-of-covid-19coronavirus-on-the-indian-economy/
104,143,https://insights.blackcoffer.com/impact-of-covid-19-coronavirus-on-the-global-economy/
105,145,https://insights.blackcoffer.com/blockchain-in-fintech/
106,146,https://insights.blackcoffer.com/blockchain-for-payments/
107,147,https://insights.blackcoffer.com/the-future-of-investing/
108,148,https://insights.blackcoffer.com/big-data-analytics-in-healthcare/
109,149,https://insights.blackcoffer.com/business-analytics-in-the-healthcare-industry/
110,150,https://insights.blackcoffer.com/challenges-and-opportunities-of-big-data-in-healthcare/
